SampleRate,BitRate,Duration,SamplesPerSymbol,ActualBitrate,ActualBitrate
3421.0,100.0,100000.0,34.21,10.0,292.3121894182988
3395.0,100.0,100000.0,33.95,10.0,294.5508100147275
3395.0,100.0,100000.0,33.95,10.0,294.5508100147275
3421.0,100.0,100000.0,34.21,10.0,292.3121894182988
3396.0,100.0,100000.0,33.96,10.0,294.46407538280334
3396.0,100.0,100000.0,33.96,10.0,294.46407538280334
2262.0,150.0,100000.0,15.08,10.0,442.08664898320075
2262.0,150.0,100000.0,15.08,10.0,442.08664898320075
2262.0,150.0,100000.0,15.08,10.0,442.08664898320075
1708.0,200.0,100000.0,8.54,10.0,585.480093676815
1698.0,200.0,100000.0,8.49,10.0,588.9281507656067
1698.0,200.0,100000.0,8.49,10.0,588.9281507656067
1359.0,250.0,100000.0,5.436,10.0,735.8351729212657
1368.0,250.0,100000.0,5.472,10.0,730.9941520467837
1360.0,250.0,100000.0,5.44,10.0,735.2941176470589
1131.0,300.0,100000.0,3.77,10.0,884.1732979664015
1131.0,300.0,100000.0,3.77,10.0,884.1732979664015
1131.0,300.0,100000.0,3.77,10.0,884.1732979664015
968.0,350.0,100000.0,2.7657142857142856,10.0,1033.0578512396694
968.0,350.0,100000.0,2.7657142857142856,10.0,1033.0578512396694
969.0,350.0,100000.0,2.7685714285714287,10.0,1031.9917440660477
849.0,400.0,100000.0,2.1225,10.0,1177.8563015312134
850.0,400.0,100000.0,2.125,10.0,1176.4705882352941
850.0,400.0,100000.0,2.125,10.0,1176.4705882352941
754.0,450.0,100000.0,1.6755555555555555,10.0,1326.2599469496022
754.0,450.0,100000.0,1.6755555555555555,10.0,1326.2599469496022
754.0,450.0,100000.0,1.6755555555555555,10.0,1326.2599469496022
680.0,500.0,100000.0,1.36,10.0,1470.5882352941178
679.0,500.0,100000.0,1.358,10.0,1472.754050073638
680.0,500.0,100000.0,1.36,10.0,1470.5882352941178
3745.0,100.0,110000.0,37.45,9.090909090909092,267.02269692923903
3735.0,100.0,110000.0,37.35,9.090909090909092,267.7376171352075
3745.0,100.0,110000.0,37.45,9.090909090909092,267.02269692923903
2489.0,150.0,110000.0,16.593333333333334,9.090909090909092,401.76777822418643
2489.0,150.0,110000.0,16.593333333333334,9.090909090909092,401.76777822418643
2499.0,150.0,110000.0,16.66,9.090909090909092,400.16006402561027
1878.0,200.0,110000.0,9.39,9.090909090909092,532.4813631522896
1868.0,200.0,110000.0,9.34,9.090909090909092,535.3319057815846
1868.0,200.0,110000.0,9.34,9.090909090909092,535.3319057815846
1495.0,250.0,110000.0,5.98,9.090909090909092,668.8963210702341
1505.0,250.0,110000.0,6.02,9.090909090909092,664.451827242525
1494.0,250.0,110000.0,5.976,9.090909090909092,669.3440428380188
1244.0,300.0,110000.0,4.1466666666666665,9.090909090909092,803.8585209003217
1244.0,300.0,110000.0,4.1466666666666665,9.090909090909092,803.8585209003217
1252.0,300.0,110000.0,4.173333333333333,9.090909090909092,798.7220447284346
1067.0,350.0,110000.0,3.0485714285714285,9.090909090909092,937.207122774133
1067.0,350.0,110000.0,3.0485714285714285,9.090909090909092,937.207122774133
1067.0,350.0,110000.0,3.0485714285714285,9.090909090909092,937.207122774133
934.0,400.0,110000.0,2.335,9.090909090909092,1070.6638115631692
934.0,400.0,110000.0,2.335,9.090909090909092,1070.6638115631692
934.0,400.0,110000.0,2.335,9.090909090909092,1070.6638115631692
829.0,450.0,110000.0,1.8422222222222222,9.090909090909092,1206.2726176115802
830.0,450.0,110000.0,1.8444444444444446,9.090909090909092,1204.8192771084337
830.0,450.0,110000.0,1.8444444444444446,9.090909090909092,1204.8192771084337
748.0,500.0,110000.0,1.496,9.090909090909092,1336.8983957219252
748.0,500.0,110000.0,1.496,9.090909090909092,1336.8983957219252
747.0,500.0,110000.0,1.494,9.090909090909092,1338.6880856760376
4073.0,100.0,120000.0,40.73,8.333333333333334,245.51927326295112
4081.0,100.0,120000.0,40.81,8.333333333333334,245.03798088703752
4074.0,100.0,120000.0,40.74,8.333333333333334,245.45900834560632
2716.0,150.0,120000.0,18.106666666666666,8.333333333333334,368.1885125184095
2725.0,150.0,120000.0,18.166666666666668,8.333333333333334,366.9724770642202
2717.0,150.0,120000.0,18.113333333333333,8.333333333333334,368.05299963194705
2037.0,200.0,120000.0,10.185,8.333333333333334,490.91801669121264
2037.0,200.0,120000.0,10.185,8.333333333333334,490.91801669121264
2037.0,200.0,120000.0,10.185,8.333333333333334,490.91801669121264
1639.0,250.0,120000.0,6.556,8.333333333333334,610.1281269066504
1632.0,250.0,120000.0,6.528,8.333333333333334,612.7450980392157
1630.0,250.0,120000.0,6.52,8.333333333333334,613.4969325153374
1359.0,300.0,120000.0,4.53,8.333333333333334,735.8351729212657
1367.0,300.0,120000.0,4.556666666666667,8.333333333333334,731.528895391368
1360.0,300.0,120000.0,4.533333333333333,8.333333333333334,735.2941176470589
1161.0,350.0,120000.0,3.317142857142857,8.333333333333334,861.3264427217916
1161.0,350.0,120000.0,3.317142857142857,8.333333333333334,861.3264427217916
1161.0,350.0,120000.0,3.317142857142857,8.333333333333334,861.3264427217916
1019.0,400.0,120000.0,2.5475,8.333333333333334,981.3542688910698
1019.0,400.0,120000.0,2.5475,8.333333333333334,981.3542688910698
1019.0,400.0,120000.0,2.5475,8.333333333333334,981.3542688910698
904.0,450.0,120000.0,2.008888888888889,8.333333333333334,1106.1946902654868
904.0,450.0,120000.0,2.008888888888889,8.333333333333334,1106.1946902654868
903.0,450.0,120000.0,2.006666666666667,8.333333333333334,1107.419712070875
815.0,500.0,120000.0,1.63,8.333333333333334,1226.993865030675
815.0,500.0,120000.0,1.63,8.333333333333334,1226.993865030675
815.0,500.0,120000.0,1.63,8.333333333333334,1226.993865030675
4413.0,100.0,130000.0,44.13,7.692307692307692,226.6032177656923
4423.0,100.0,130000.0,44.23,7.692307692307692,226.09088853719197
4413.0,100.0,130000.0,44.13,7.692307692307692,226.6032177656923
2941.0,150.0,130000.0,19.606666666666666,7.692307692307692,340.02040122407345
2950.0,150.0,130000.0,19.666666666666668,7.692307692307692,338.98305084745766
2940.0,150.0,130000.0,19.6,7.692307692307692,340.13605442176873
2207.0,200.0,130000.0,11.035,7.692307692307692,453.10376076121435
2207.0,200.0,130000.0,11.035,7.692307692307692,453.10376076121435
2207.0,200.0,130000.0,11.035,7.692307692307692,453.10376076121435
1776.0,250.0,130000.0,7.104,7.692307692307692,563.063063063063
1765.0,250.0,130000.0,7.06,7.692307692307692,566.57223796034
1766.0,250.0,130000.0,7.064,7.692307692307692,566.2514156285391
1471.0,300.0,130000.0,4.903333333333333,7.692307692307692,679.8096532970769
1480.0,300.0,130000.0,4.933333333333334,7.692307692307692,675.6756756756757
1470.0,300.0,130000.0,4.9,7.692307692307692,680.2721088435375
1260.0,350.0,130000.0,3.6,7.692307692307692,793.6507936507937
1260.0,350.0,130000.0,3.6,7.692307692307692,793.6507936507937
1269.0,350.0,130000.0,3.625714285714286,7.692307692307692,788.0220646178093
1104.0,400.0,130000.0,2.76,7.692307692307692,905.7971014492754
1104.0,400.0,130000.0,2.76,7.692307692307692,905.7971014492754
1103.0,400.0,130000.0,2.7575,7.692307692307692,906.6183136899365
978.0,450.0,130000.0,2.1733333333333333,7.692307692307692,1022.4948875255625
979.0,450.0,130000.0,2.1755555555555555,7.692307692307692,1021.4504596527067
979.0,450.0,130000.0,2.1755555555555555,7.692307692307692,1021.4504596527067
884.0,500.0,130000.0,1.768,7.692307692307692,1131.2217194570137
884.0,500.0,130000.0,1.768,7.692307692307692,1131.2217194570137
884.0,500.0,130000.0,1.768,7.692307692307692,1131.2217194570137
4762.0,100.0,140000.0,47.62,7.142857142857143,209.99580008399832
4755.0,100.0,140000.0,47.55,7.142857142857143,210.30494216614093
4754.0,100.0,140000.0,47.54,7.142857142857143,210.34917963819944
3178.0,150.0,140000.0,21.186666666666667,7.142857142857143,314.66331025802396
3170.0,150.0,140000.0,21.133333333333333,7.142857142857143,315.4574132492114
3169.0,150.0,140000.0,21.126666666666665,7.142857142857143,315.5569580309246
2376.0,200.0,140000.0,11.88,7.142857142857143,420.87542087542084
2376.0,200.0,140000.0,11.88,7.142857142857143,420.87542087542084
2376.0,200.0,140000.0,11.88,7.142857142857143,420.87542087542084
1902.0,250.0,140000.0,7.608,7.142857142857143,525.7623554153523
1901.0,250.0,140000.0,7.604,7.142857142857143,526.0389268805892
1901.0,250.0,140000.0,7.604,7.142857142857143,526.0389268805892
1583.0,300.0,140000.0,5.276666666666666,7.142857142857143,631.7119393556538
1584.0,300.0,140000.0,5.28,7.142857142857143,631.3131313131314
1582.0,300.0,140000.0,5.273333333333333,7.142857142857143,632.1112515802782
1358.0,350.0,140000.0,3.88,7.142857142857143,736.377025036819
1358.0,350.0,140000.0,3.88,7.142857142857143,736.377025036819
1360.0,350.0,140000.0,3.8857142857142857,7.142857142857143,735.2941176470589
1189.0,400.0,140000.0,2.9725,7.142857142857143,841.0428931875526
1189.0,400.0,140000.0,2.9725,7.142857142857143,841.0428931875526
1189.0,400.0,140000.0,2.9725,7.142857142857143,841.0428931875526
1056.0,450.0,140000.0,2.3466666666666667,7.142857142857143,946.9696969696971
1056.0,450.0,140000.0,2.3466666666666667,7.142857142857143,946.9696969696971
1056.0,450.0,140000.0,2.3466666666666667,7.142857142857143,946.9696969696971
951.0,500.0,140000.0,1.902,7.142857142857143,1051.5247108307046
951.0,500.0,140000.0,1.902,7.142857142857143,1051.5247108307046
951.0,500.0,140000.0,1.902,7.142857142857143,1051.5247108307046
5100.0,100.0,150000.0,51.0,6.666666666666667,196.07843137254903
5090.0,100.0,150000.0,50.9,6.666666666666667,196.46365422396858
5100.0,100.0,150000.0,51.0,6.666666666666667,196.07843137254903
3403.0,150.0,150000.0,22.686666666666667,6.666666666666667,293.8583602703497
3394.0,150.0,150000.0,22.626666666666665,6.666666666666667,294.6375957572186
3394.0,150.0,150000.0,22.626666666666665,6.666666666666667,294.6375957572186
2546.0,200.0,150000.0,12.73,6.666666666666667,392.77297721916733
2545.0,200.0,150000.0,12.725,6.666666666666667,392.92730844793715
2555.0,200.0,150000.0,12.775,6.666666666666667,391.3894324853229
2037.0,250.0,150000.0,8.148,6.666666666666667,490.91801669121264
2036.0,250.0,150000.0,8.144,6.666666666666667,491.1591355599214
2036.0,250.0,150000.0,8.144,6.666666666666667,491.1591355599214
1706.0,300.0,150000.0,5.6866666666666665,6.666666666666667,586.166471277843
1698.0,300.0,150000.0,5.66,6.666666666666667,588.9281507656067
1697.0,300.0,150000.0,5.656666666666666,6.666666666666667,589.2751915144372
1454.0,350.0,150000.0,4.154285714285714,6.666666666666667,687.757909215956
1462.0,350.0,150000.0,4.177142857142857,6.666666666666667,683.9945280437756
1455.0,350.0,150000.0,4.1571428571428575,6.666666666666667,687.2852233676977
1274.0,400.0,150000.0,3.185,6.666666666666667,784.9293563579278
1273.0,400.0,150000.0,3.1825,6.666666666666667,785.5459544383347
1282.0,400.0,150000.0,3.205,6.666666666666667,780.0312012480499
1131.0,450.0,150000.0,2.513333333333333,6.666666666666667,884.1732979664015
1131.0,450.0,150000.0,2.513333333333333,6.666666666666667,884.1732979664015
1131.0,450.0,150000.0,2.513333333333333,6.666666666666667,884.1732979664015
1019.0,500.0,150000.0,2.038,6.666666666666667,981.3542688910698
1019.0,500.0,150000.0,2.038,6.666666666666667,981.3542688910698
1019.0,500.0,150000.0,2.038,6.666666666666667,981.3542688910698
5440.0,100.0,160000.0,54.4,6.25,183.82352941176472
5431.0,100.0,160000.0,54.31,6.25,184.12815319462345
5432.0,100.0,160000.0,54.32,6.25,184.09425625920474
3629.0,150.0,160000.0,24.19333333333333,6.25,275.5580049600441
3618.0,150.0,160000.0,24.12,6.25,276.3957987838585
3627.0,150.0,160000.0,24.18,6.25,275.70995312930796
2715.0,200.0,160000.0,13.575,6.25,368.3241252302026
2715.0,200.0,160000.0,13.575,6.25,368.3241252302026
2717.0,200.0,160000.0,13.585,6.25,368.05299963194705
2173.0,250.0,160000.0,8.692,6.25,460.1932811780948
2174.0,250.0,160000.0,8.696,6.25,459.98160073597063
2173.0,250.0,160000.0,8.692,6.25,460.1932811780948
1819.0,300.0,160000.0,6.0633333333333335,6.25,549.7526113249038
1810.0,300.0,160000.0,6.033333333333333,6.25,552.4861878453039
1810.0,300.0,160000.0,6.033333333333333,6.25,552.4861878453039
1552.0,350.0,160000.0,4.434285714285714,6.25,644.3298969072165
1562.0,350.0,160000.0,4.462857142857143,6.25,640.2048655569782
1552.0,350.0,160000.0,4.434285714285714,6.25,644.3298969072165
1359.0,400.0,160000.0,3.3975,6.25,735.8351729212657
1359.0,400.0,160000.0,3.3975,6.25,735.8351729212657
1360.0,400.0,160000.0,3.4,6.25,735.2941176470589
1206.0,450.0,160000.0,2.68,6.25,829.1873963515754
1206.0,450.0,160000.0,2.68,6.25,829.1873963515754
1215.0,450.0,160000.0,2.7,6.25,823.0452674897119
1087.0,500.0,160000.0,2.174,6.25,919.9632014719413
1087.0,500.0,160000.0,2.174,6.25,919.9632014719413
1086.0,500.0,160000.0,2.172,6.25,920.8103130755065
5771.0,100.0,170000.0,57.71,5.882352941176471,173.28019407381737
5781.0,100.0,170000.0,57.81,5.882352941176471,172.98045320878742
5770.0,100.0,170000.0,57.7,5.882352941176471,173.3102253032929
3847.0,150.0,170000.0,25.64666666666667,5.882352941176471,259.94281258123215
3846.0,150.0,170000.0,25.64,5.882352941176471,260.01040041601664
3856.0,150.0,170000.0,25.706666666666667,5.882352941176471,259.33609958506224
2885.0,200.0,170000.0,14.425,5.882352941176471,346.6204506065858
2894.0,200.0,170000.0,14.47,5.882352941176471,345.54250172771253
2885.0,200.0,170000.0,14.425,5.882352941176471,346.6204506065858
2308.0,250.0,170000.0,9.232,5.882352941176471,433.2755632582323
2308.0,250.0,170000.0,9.232,5.882352941176471,433.2755632582323
2308.0,250.0,170000.0,9.232,5.882352941176471,433.2755632582323
1922.0,300.0,170000.0,6.406666666666666,5.882352941176471,520.2913631633716
1921.0,300.0,170000.0,6.403333333333333,5.882352941176471,520.5622071837585
1921.0,300.0,170000.0,6.403333333333333,5.882352941176471,520.5622071837585
1655.0,350.0,170000.0,4.728571428571429,5.882352941176471,604.2296072507553
1648.0,350.0,170000.0,4.708571428571428,5.882352941176471,606.7961165048544
1646.0,350.0,170000.0,4.702857142857143,5.882352941176471,607.5334143377886
1443.0,400.0,170000.0,3.6075,5.882352941176471,693.0006930006931
1452.0,400.0,170000.0,3.63,5.882352941176471,688.7052341597796
1444.0,400.0,170000.0,3.61,5.882352941176471,692.5207756232687
1280.0,450.0,170000.0,2.8444444444444446,5.882352941176471,781.2500000000001
1279.0,450.0,170000.0,2.8422222222222224,5.882352941176471,781.8608287724785
1288.0,450.0,170000.0,2.862222222222222,5.882352941176471,776.3975155279504
1155.0,500.0,170000.0,2.31,5.882352941176471,865.8008658008658
1154.0,500.0,170000.0,2.308,5.882352941176471,866.5511265164646
1154.0,500.0,170000.0,2.308,5.882352941176471,866.5511265164646
6108.0,100.0,180000.0,61.08,5.555555555555555,163.71971185330713
6118.0,100.0,180000.0,61.18,5.555555555555555,163.45210853220007
6118.0,100.0,180000.0,61.18,5.555555555555555,163.45210853220007
4073.0,150.0,180000.0,27.153333333333332,5.555555555555555,245.51927326295112
4074.0,150.0,180000.0,27.16,5.555555555555555,245.45900834560632
4084.0,150.0,180000.0,27.226666666666667,5.555555555555555,244.85798237022527
3055.0,200.0,180000.0,15.275,5.555555555555555,327.33224222585926
3065.0,200.0,180000.0,15.325,5.555555555555555,326.2642740619902
3055.0,200.0,180000.0,15.275,5.555555555555555,327.33224222585926
2444.0,250.0,180000.0,9.776,5.555555555555555,409.16530278232403
2445.0,250.0,180000.0,9.78,5.555555555555555,408.997955010225
2453.0,250.0,180000.0,9.812,5.555555555555555,407.6640847941297
2037.0,300.0,180000.0,6.79,5.555555555555555,490.91801669121264
2038.0,300.0,180000.0,6.793333333333333,5.555555555555555,490.6771344455349
2037.0,300.0,180000.0,6.79,5.555555555555555,490.91801669121264
1755.0,350.0,180000.0,5.014285714285714,5.555555555555555,569.8005698005699
1745.0,350.0,180000.0,4.985714285714286,5.555555555555555,573.0659025787966
1745.0,350.0,180000.0,4.985714285714286,5.555555555555555,573.0659025787966
1528.0,400.0,180000.0,3.82,5.555555555555555,654.4502617801048
1538.0,400.0,180000.0,3.845,5.555555555555555,650.1950585175554
1528.0,400.0,180000.0,3.82,5.555555555555555,654.4502617801048
1358.0,450.0,180000.0,3.017777777777778,5.555555555555555,736.377025036819
1358.0,450.0,180000.0,3.017777777777778,5.555555555555555,736.377025036819
1368.0,450.0,180000.0,3.04,5.555555555555555,730.9941520467837
1222.0,500.0,180000.0,2.444,5.555555555555555,818.3306055646481
1223.0,500.0,180000.0,2.446,5.555555555555555,817.6614881439085
1231.0,500.0,180000.0,2.462,5.555555555555555,812.3476848090984
6459.0,100.0,190000.0,64.59,5.2631578947368425,154.82272797646695
6450.0,100.0,190000.0,64.5,5.2631578947368425,155.03875968992247
6461.0,100.0,190000.0,64.61,5.2631578947368425,154.7748026621266
4297.0,150.0,190000.0,28.64666666666667,5.2631578947368425,232.7205026762858
4307.0,150.0,190000.0,28.713333333333335,5.2631578947368425,232.18017181332715
4297.0,150.0,190000.0,28.64666666666667,5.2631578947368425,232.7205026762858
3233.0,200.0,190000.0,16.165,5.2631578947368425,309.3102381688834
3226.0,200.0,190000.0,16.13,5.2631578947368425,309.98140111593307
3225.0,200.0,190000.0,16.125,5.2631578947368425,310.07751937984494
2579.0,250.0,190000.0,10.316,5.2631578947368425,387.747188832881
2579.0,250.0,190000.0,10.316,5.2631578947368425,387.747188832881
2590.0,250.0,190000.0,10.36,5.2631578947368425,386.1003861003861
2149.0,300.0,190000.0,7.163333333333333,5.2631578947368425,465.33271288971616
2148.0,300.0,190000.0,7.16,5.2631578947368425,465.5493482309125
2149.0,300.0,190000.0,7.163333333333333,5.2631578947368425,465.33271288971616
1850.0,350.0,190000.0,5.285714285714286,5.2631578947368425,540.5405405405406
1840.0,350.0,190000.0,5.257142857142857,5.2631578947368425,543.4782608695652
1840.0,350.0,190000.0,5.257142857142857,5.2631578947368425,543.4782608695652
1622.0,400.0,190000.0,4.055,5.2631578947368425,616.5228113440197
1614.0,400.0,190000.0,4.035,5.2631578947368425,619.5786864931846
1613.0,400.0,190000.0,4.0325,5.2631578947368425,619.9628022318661
1433.0,450.0,190000.0,3.1844444444444444,5.2631578947368425,697.8367062107467
1442.0,450.0,190000.0,3.2044444444444444,5.2631578947368425,693.4812760055479
1434.0,450.0,190000.0,3.1866666666666665,5.2631578947368425,697.350069735007
1290.0,500.0,190000.0,2.58,5.2631578947368425,775.1937984496125
1290.0,500.0,190000.0,2.58,5.2631578947368425,775.1937984496125
1300.0,500.0,190000.0,2.6,5.2631578947368425,769.2307692307693
6799.0,100.0,200000.0,67.99,5.0,147.08045300779528
6789.0,100.0,200000.0,67.89,5.0,147.29709824716454
6799.0,100.0,200000.0,67.99,5.0,147.08045300779528
4526.0,150.0,200000.0,30.173333333333332,5.0,220.94564737074683
4536.0,150.0,200000.0,30.24,5.0,220.4585537918871
4526.0,150.0,200000.0,30.173333333333332,5.0,220.94564737074683
3404.0,200.0,200000.0,17.02,5.0,293.7720329024677
3395.0,200.0,200000.0,16.975,5.0,294.5508100147275
3394.0,200.0,200000.0,16.97,5.0,294.6375957572186
2716.0,250.0,200000.0,10.864,5.0,368.1885125184095
2716.0,250.0,200000.0,10.864,5.0,368.1885125184095
2726.0,250.0,200000.0,10.904,5.0,366.83785766691125
2261.0,300.0,200000.0,7.536666666666667,5.0,442.2821760283061
2261.0,300.0,200000.0,7.536666666666667,5.0,442.2821760283061
2261.0,300.0,200000.0,7.536666666666667,5.0,442.2821760283061
1940.0,350.0,200000.0,5.542857142857143,5.0,515.4639175257732
1939.0,350.0,200000.0,5.54,5.0,515.7297576070139
1939.0,350.0,200000.0,5.54,5.0,515.7297576070139
1707.0,400.0,200000.0,4.2675,5.0,585.8230814294084
1698.0,400.0,200000.0,4.245,5.0,588.9281507656067
1698.0,400.0,200000.0,4.245,5.0,588.9281507656067
1508.0,450.0,200000.0,3.351111111111111,5.0,663.1299734748011
1517.0,450.0,200000.0,3.371111111111111,5.0,659.1957811470007
1508.0,450.0,200000.0,3.351111111111111,5.0,663.1299734748011
1358.0,500.0,200000.0,2.716,5.0,736.377025036819
1358.0,500.0,200000.0,2.716,5.0,736.377025036819
1368.0,500.0,200000.0,2.736,5.0,730.9941520467837
7136.0,100.0,210000.0,71.36,4.761904761904762,140.13452914798205
7137.0,100.0,210000.0,71.37,4.761904761904762,140.11489421325487
7128.0,100.0,210000.0,71.28,4.761904761904762,140.29180695847364
4753.0,150.0,210000.0,31.686666666666667,4.761904761904762,210.3934357248054
4763.0,150.0,210000.0,31.753333333333334,4.761904761904762,209.95171110644552
4752.0,150.0,210000.0,31.68,4.761904761904762,210.43771043771042
3574.0,200.0,210000.0,17.87,4.761904761904762,279.79854504756577
3564.0,200.0,210000.0,17.82,4.761904761904762,280.5836139169473
3564.0,200.0,210000.0,17.82,4.761904761904762,280.5836139169473
2851.0,250.0,210000.0,11.404,4.761904761904762,350.75412136092604
2861.0,250.0,210000.0,11.444,4.761904761904762,349.52813701502976
2851.0,250.0,210000.0,11.404,4.761904761904762,350.75412136092604
2377.0,300.0,210000.0,7.923333333333333,4.761904761904762,420.6983592763989
2376.0,300.0,210000.0,7.92,4.761904761904762,420.87542087542084
2377.0,300.0,210000.0,7.923333333333333,4.761904761904762,420.6983592763989
2038.0,350.0,210000.0,5.822857142857143,4.761904761904762,490.6771344455349
2037.0,350.0,210000.0,5.82,4.761904761904762,490.91801669121264
2037.0,350.0,210000.0,5.82,4.761904761904762,490.91801669121264
1793.0,400.0,210000.0,4.4825,4.761904761904762,557.7244841048522
1783.0,400.0,210000.0,4.4575,4.761904761904762,560.8524957936063
1783.0,400.0,210000.0,4.4575,4.761904761904762,560.8524957936063
1583.0,450.0,210000.0,3.517777777777778,4.761904761904762,631.7119393556538
1592.0,450.0,210000.0,3.537777777777778,4.761904761904762,628.140703517588
1582.0,450.0,210000.0,3.5155555555555558,4.761904761904762,632.1112515802782
1426.0,500.0,210000.0,2.852,4.761904761904762,701.2622720897616
1435.0,500.0,210000.0,2.87,4.761904761904762,696.8641114982579
1427.0,500.0,210000.0,2.854,4.761904761904762,700.770847932726
7477.0,100.0,220000.0,74.77,4.545454545454546,133.74348000534974
7477.0,100.0,220000.0,74.77,4.545454545454546,133.74348000534974
7477.0,100.0,220000.0,74.77,4.545454545454546,133.74348000534974
4987.0,150.0,220000.0,33.24666666666667,4.545454545454546,200.52135552436334
4978.0,150.0,220000.0,33.18666666666667,4.545454545454546,200.88388911209321
4987.0,150.0,220000.0,33.24666666666667,4.545454545454546,200.52135552436334
3745.0,200.0,220000.0,18.725,4.545454545454546,267.02269692923903
3735.0,200.0,220000.0,18.675,4.545454545454546,267.7376171352075
3745.0,200.0,220000.0,18.725,4.545454545454546,267.02269692923903
2987.0,250.0,220000.0,11.948,4.545454545454546,334.7840642785403
2997.0,250.0,220000.0,11.988,4.545454545454546,333.66700033366703
2987.0,250.0,220000.0,11.948,4.545454545454546,334.7840642785403
2489.0,300.0,220000.0,8.296666666666667,4.545454545454546,401.76777822418643
2489.0,300.0,220000.0,8.296666666666667,4.545454545454546,401.76777822418643
2499.0,300.0,220000.0,8.33,4.545454545454546,400.16006402561027
2132.0,350.0,220000.0,6.091428571428572,4.545454545454546,469.0431519699813
2132.0,350.0,220000.0,6.091428571428572,4.545454545454546,469.0431519699813
2132.0,350.0,220000.0,6.091428571428572,4.545454545454546,469.0431519699813
1877.0,400.0,220000.0,4.6925,4.545454545454546,532.7650506126798
1868.0,400.0,220000.0,4.67,4.545454545454546,535.3319057815846
1868.0,400.0,220000.0,4.67,4.545454545454546,535.3319057815846
1665.0,450.0,220000.0,3.7,4.545454545454546,600.6006006006006
1658.0,450.0,220000.0,3.6844444444444444,4.545454545454546,603.1363088057901
1657.0,450.0,220000.0,3.6822222222222223,4.545454545454546,603.5003017501509
1495.0,500.0,220000.0,2.99,4.545454545454546,668.8963210702341
1505.0,500.0,220000.0,3.01,4.545454545454546,664.451827242525
1494.0,500.0,220000.0,2.988,4.545454545454546,669.3440428380188
7808.0,100.0,230000.0,78.08,4.347826086956522,128.0737704918033
7818.0,100.0,230000.0,78.18,4.347826086956522,127.90995139421847
7817.0,100.0,230000.0,78.17,4.347826086956522,127.92631444288091
5213.0,150.0,230000.0,34.75333333333333,4.347826086956522,191.8281220026856
5203.0,150.0,230000.0,34.68666666666667,4.347826086956522,192.19680953296174
5213.0,150.0,230000.0,34.75333333333333,4.347826086956522,191.8281220026856
3904.0,200.0,230000.0,19.52,4.347826086956522,256.1475409836066
3903.0,200.0,230000.0,19.515,4.347826086956522,256.213169356905
3914.0,200.0,230000.0,19.57,4.347826086956522,255.49310168625448
3124.0,250.0,230000.0,12.496,4.347826086956522,320.1024327784891
3134.0,250.0,230000.0,12.536,4.347826086956522,319.0810465858328
3123.0,250.0,230000.0,12.492,4.347826086956522,320.2049311559398
2601.0,300.0,230000.0,8.67,4.347826086956522,384.46751249519417
2601.0,300.0,230000.0,8.67,4.347826086956522,384.46751249519417
2611.0,300.0,230000.0,8.703333333333333,4.347826086956522,382.99502106472613
2231.0,350.0,230000.0,6.3742857142857146,4.347826086956522,448.2294935006724
2231.0,350.0,230000.0,6.3742857142857146,4.347826086956522,448.2294935006724
2231.0,350.0,230000.0,6.3742857142857146,4.347826086956522,448.2294935006724
1954.0,400.0,230000.0,4.885,4.347826086956522,511.77072671443193
1952.0,400.0,230000.0,4.88,4.347826086956522,512.2950819672132
1952.0,400.0,230000.0,4.88,4.347826086956522,512.2950819672132
1745.0,450.0,230000.0,3.8777777777777778,4.347826086956522,573.0659025787966
1734.0,450.0,230000.0,3.8533333333333335,4.347826086956522,576.7012687427913
1735.0,450.0,230000.0,3.8555555555555556,4.347826086956522,576.3688760806916
1562.0,500.0,230000.0,3.124,4.347826086956522,640.2048655569782
1572.0,500.0,230000.0,3.144,4.347826086956522,636.1323155216286
1562.0,500.0,230000.0,3.124,4.347826086956522,640.2048655569782
8156.0,100.0,240000.0,81.56,4.166666666666667,122.60912211868563
8146.0,100.0,240000.0,81.46,4.166666666666667,122.75963663147556
8156.0,100.0,240000.0,81.56,4.166666666666667,122.60912211868563
5441.0,150.0,240000.0,36.27333333333333,4.166666666666667,183.7897445322551
5431.0,150.0,240000.0,36.20666666666666,4.166666666666667,184.12815319462345
5440.0,150.0,240000.0,36.266666666666666,4.166666666666667,183.82352941176472
4073.0,200.0,240000.0,20.365,4.166666666666667,245.51927326295112
4074.0,200.0,240000.0,20.37,4.166666666666667,245.45900834560632
4084.0,200.0,240000.0,20.42,4.166666666666667,244.85798237022527
3267.0,250.0,240000.0,13.068,4.166666666666667,306.0912151821243
3261.0,250.0,240000.0,13.044,4.166666666666667,306.65440049064705
3259.0,250.0,240000.0,13.036,4.166666666666667,306.8425897514575
2716.0,300.0,240000.0,9.053333333333333,4.166666666666667,368.1885125184095
2716.0,300.0,240000.0,9.053333333333333,4.166666666666667,368.1885125184095
2726.0,300.0,240000.0,9.086666666666666,4.166666666666667,366.83785766691125
2326.0,350.0,240000.0,6.645714285714286,4.166666666666667,429.9226139294927
2326.0,350.0,240000.0,6.645714285714286,4.166666666666667,429.9226139294927
2326.0,350.0,240000.0,6.645714285714286,4.166666666666667,429.9226139294927
2039.0,400.0,240000.0,5.0975,4.166666666666667,490.43648847474253
2038.0,400.0,240000.0,5.095,4.166666666666667,490.6771344455349
2038.0,400.0,240000.0,5.095,4.166666666666667,490.6771344455349
1820.0,450.0,240000.0,4.044444444444444,4.166666666666667,549.4505494505495
1810.0,450.0,240000.0,4.022222222222222,4.166666666666667,552.4861878453039
1810.0,450.0,240000.0,4.022222222222222,4.166666666666667,552.4861878453039
1639.0,500.0,240000.0,3.278,4.166666666666667,610.1281269066504
1631.0,500.0,240000.0,3.262,4.166666666666667,613.1207847946046
1630.0,500.0,240000.0,3.26,4.166666666666667,613.4969325153374
8495.0,100.0,250000.0,84.95,4.0,117.71630370806358
8496.0,100.0,250000.0,84.96,4.0,117.70244821092278
8496.0,100.0,250000.0,84.96,4.0,117.70244821092278
5665.0,150.0,250000.0,37.766666666666666,4.0,176.522506619594
5665.0,150.0,250000.0,37.766666666666666,4.0,176.522506619594
5655.0,150.0,250000.0,37.7,4.0,176.8346595932803
4244.0,200.0,250000.0,21.22,4.0,235.62676720075405
4254.0,200.0,250000.0,21.27,4.0,235.07287259050307
4245.0,200.0,250000.0,21.225,4.0,235.57126030624266
3405.0,250.0,250000.0,13.62,4.0,293.68575624082234
3394.0,250.0,250000.0,13.576,4.0,294.6375957572186
3396.0,250.0,250000.0,13.584,4.0,294.46407538280334
2828.0,300.0,250000.0,9.426666666666666,4.0,353.60678925035364
2836.0,300.0,250000.0,9.453333333333333,4.0,352.60930888575456
2830.0,300.0,250000.0,9.433333333333334,4.0,353.35689045936397
2425.0,350.0,250000.0,6.928571428571429,4.0,412.37113402061857
2425.0,350.0,250000.0,6.928571428571429,4.0,412.37113402061857
2433.0,350.0,250000.0,6.951428571428571,4.0,411.01520756267985
2122.0,400.0,250000.0,5.305,4.0,471.2535344015081
2122.0,400.0,250000.0,5.305,4.0,471.2535344015081
2122.0,400.0,250000.0,5.305,4.0,471.2535344015081
1894.0,450.0,250000.0,4.208888888888889,4.0,527.9831045406547
1884.0,450.0,250000.0,4.1866666666666665,4.0,530.7855626326965
1884.0,450.0,250000.0,4.1866666666666665,4.0,530.7855626326965
1706.0,500.0,250000.0,3.412,4.0,586.166471277843
1700.0,500.0,250000.0,3.4,4.0,588.2352941176471
1698.0,500.0,250000.0,3.396,4.0,588.9281507656067
8834.0,100.0,260000.0,88.34,3.846153846153846,113.19900384876614
8834.0,100.0,260000.0,88.34,3.846153846153846,113.19900384876614
8834.0,100.0,260000.0,88.34,3.846153846153846,113.19900384876614
5882.0,150.0,260000.0,39.21333333333333,3.846153846153846,170.01020061203673
5892.0,150.0,260000.0,39.28,3.846153846153846,169.7216564833673
5882.0,150.0,260000.0,39.21333333333333,3.846153846153846,170.01020061203673
4412.0,200.0,260000.0,22.06,3.846153846153846,226.65457842248412
4423.0,200.0,260000.0,22.115,3.846153846153846,226.09088853719197
4413.0,200.0,260000.0,22.065,3.846153846153846,226.6032177656923
3539.0,250.0,260000.0,14.156,3.846153846153846,282.56569652444193
3529.0,250.0,260000.0,14.116,3.846153846153846,283.36639274582035
3530.0,250.0,260000.0,14.12,3.846153846153846,283.28611898017
2940.0,300.0,260000.0,9.8,3.846153846153846,340.13605442176873
2950.0,300.0,260000.0,9.833333333333334,3.846153846153846,338.98305084745766
2940.0,300.0,260000.0,9.8,3.846153846153846,340.13605442176873
2518.0,350.0,260000.0,7.194285714285714,3.846153846153846,397.1405877680699
2519.0,350.0,260000.0,7.1971428571428575,3.846153846153846,396.98292973402147
2529.0,350.0,260000.0,7.225714285714286,3.846153846153846,395.41320680110715
2207.0,400.0,260000.0,5.5175,3.846153846153846,453.10376076121435
2206.0,400.0,260000.0,5.515,3.846153846153846,453.30915684496824
2206.0,400.0,260000.0,5.515,3.846153846153846,453.30915684496824
1960.0,450.0,260000.0,4.355555555555555,3.846153846153846,510.2040816326531
1959.0,450.0,260000.0,4.3533333333333335,3.846153846153846,510.4645227156713
1959.0,450.0,260000.0,4.3533333333333335,3.846153846153846,510.4645227156713
1775.0,500.0,260000.0,3.55,3.846153846153846,563.3802816901409
1766.0,500.0,260000.0,3.532,3.846153846153846,566.2514156285391
1766.0,500.0,260000.0,3.532,3.846153846153846,566.2514156285391
9172.0,100.0,270000.0,91.72,3.703703703703704,109.02747492368077
9172.0,100.0,270000.0,91.72,3.703703703703704,109.02747492368077
9172.0,100.0,270000.0,91.72,3.703703703703704,109.02747492368077
6108.0,150.0,270000.0,40.72,3.703703703703704,163.71971185330713
6118.0,150.0,270000.0,40.78666666666667,3.703703703703704,163.45210853220007
6118.0,150.0,270000.0,40.78666666666667,3.703703703703704,163.45210853220007
4582.0,200.0,270000.0,22.91,3.703703703703704,218.2453077258839
4591.0,200.0,270000.0,22.955,3.703703703703704,217.8174689610107
4582.0,200.0,270000.0,22.91,3.703703703703704,218.2453077258839
3675.0,250.0,270000.0,14.7,3.703703703703704,272.108843537415
3665.0,250.0,270000.0,14.66,3.703703703703704,272.8512960436562
3673.0,250.0,270000.0,14.692,3.703703703703704,272.2570106180234
3054.0,300.0,270000.0,10.18,3.703703703703704,327.43942370661426
3064.0,300.0,270000.0,10.213333333333333,3.703703703703704,326.37075718015666
3055.0,300.0,270000.0,10.183333333333334,3.703703703703704,327.33224222585926
2617.0,350.0,270000.0,7.477142857142857,3.703703703703704,382.11692777990066
2617.0,350.0,270000.0,7.477142857142857,3.703703703703704,382.11692777990066
2626.0,350.0,270000.0,7.502857142857143,3.703703703703704,380.8073115003808
2291.0,400.0,270000.0,5.7275,3.703703703703704,436.4906154517678
2291.0,400.0,270000.0,5.7275,3.703703703703704,436.4906154517678
2291.0,400.0,270000.0,5.7275,3.703703703703704,436.4906154517678
2038.0,450.0,270000.0,4.528888888888889,3.703703703703704,490.6771344455349
2036.0,450.0,270000.0,4.524444444444445,3.703703703703704,491.1591355599214
2036.0,450.0,270000.0,4.524444444444445,3.703703703703704,491.1591355599214
1843.0,500.0,270000.0,3.686,3.703703703703704,542.5935973955508
1833.0,500.0,270000.0,3.666,3.703703703703704,545.5537370430987
1833.0,500.0,270000.0,3.666,3.703703703703704,545.5537370430987
9513.0,100.0,280000.0,95.13,3.5714285714285716,105.11931041732367
9504.0,100.0,280000.0,95.04,3.5714285714285716,105.21885521885521
9513.0,100.0,280000.0,95.13,3.5714285714285716,105.11931041732367
6333.0,150.0,280000.0,42.22,3.5714285714285716,157.9030475288173
6333.0,150.0,280000.0,42.22,3.5714285714285716,157.9030475288173
6343.0,150.0,280000.0,42.28666666666667,3.5714285714285716,157.65410688948447
4752.0,200.0,280000.0,23.76,3.5714285714285716,210.43771043771042
4753.0,200.0,280000.0,23.765,3.5714285714285716,210.3934357248054
4752.0,200.0,280000.0,23.76,3.5714285714285716,210.43771043771042
3803.0,250.0,280000.0,15.212,3.5714285714285716,262.95030239284773
3802.0,250.0,280000.0,15.208,3.5714285714285716,263.0194634402946
3812.0,250.0,280000.0,15.248,3.5714285714285716,262.3294858342078
3168.0,300.0,280000.0,10.56,3.5714285714285716,315.6565656565657
3177.0,300.0,280000.0,10.59,3.5714285714285716,314.76235442241114
3167.0,300.0,280000.0,10.556666666666667,3.5714285714285716,315.7562361856647
2715.0,350.0,280000.0,7.757142857142857,3.5714285714285716,368.3241252302026
2716.0,350.0,280000.0,7.76,3.5714285714285716,368.1885125184095
2725.0,350.0,280000.0,7.785714285714286,3.5714285714285716,366.9724770642202
2377.0,400.0,280000.0,5.9425,3.5714285714285716,420.6983592763989
2377.0,400.0,280000.0,5.9425,3.5714285714285716,420.6983592763989
2377.0,400.0,280000.0,5.9425,3.5714285714285716,420.6983592763989
2112.0,450.0,280000.0,4.693333333333333,3.5714285714285716,473.48484848484856
2112.0,450.0,280000.0,4.693333333333333,3.5714285714285716,473.48484848484856
2111.0,450.0,280000.0,4.691111111111111,3.5714285714285716,473.7091425864519
1912.0,500.0,280000.0,3.824,3.5714285714285716,523.0125523012553
1901.0,500.0,280000.0,3.802,3.5714285714285716,526.0389268805892
1901.0,500.0,280000.0,3.802,3.5714285714285716,526.0389268805892
9854.0,100.0,290000.0,98.54,3.4482758620689657,101.48163182463973
9853.0,100.0,290000.0,98.53,3.4482758620689657,101.49193139145439
9854.0,100.0,290000.0,98.54,3.4482758620689657,101.48163182463973
6571.0,150.0,290000.0,43.806666666666665,3.4482758620689657,152.18383807639628
6561.0,150.0,290000.0,43.74,3.4482758620689657,152.41579027587258
6571.0,150.0,290000.0,43.806666666666665,3.4482758620689657,152.18383807639628
4933.0,200.0,290000.0,24.665,3.4482758620689657,202.71639975674032
4922.0,200.0,290000.0,24.61,3.4482758620689657,203.16944331572532
4932.0,200.0,290000.0,24.66,3.4482758620689657,202.75750202757504
3940.0,250.0,290000.0,15.76,3.4482758620689657,253.80710659898477
3940.0,250.0,290000.0,15.76,3.4482758620689657,253.80710659898477
3950.0,250.0,290000.0,15.8,3.4482758620689657,253.16455696202536
3289.0,300.0,290000.0,10.963333333333333,3.4482758620689657,304.04378230465187
3281.0,300.0,290000.0,10.936666666666667,3.4482758620689657,304.7851264858275
3280.0,300.0,290000.0,10.933333333333334,3.4482758620689657,304.8780487804878
2811.0,350.0,290000.0,8.031428571428572,3.4482758620689657,355.7452863749556
2820.0,350.0,290000.0,8.057142857142857,3.4482758620689657,354.6099290780142
2814.0,350.0,290000.0,8.04,3.4482758620689657,355.3660270078181
2462.0,400.0,290000.0,6.155,3.4482758620689657,406.1738424045492
2462.0,400.0,290000.0,6.155,3.4482758620689657,406.1738424045492
2471.0,400.0,290000.0,6.1775,3.4482758620689657,404.69445568595717
2186.0,450.0,290000.0,4.857777777777778,3.4482758620689657,457.45654162854527
2187.0,450.0,290000.0,4.86,3.4482758620689657,457.24737082761783
2187.0,450.0,290000.0,4.86,3.4482758620689657,457.24737082761783
1970.0,500.0,290000.0,3.94,3.4482758620689657,507.61421319796955
1969.0,500.0,290000.0,3.938,3.4482758620689657,507.87201625190454
1969.0,500.0,290000.0,3.938,3.4482758620689657,507.87201625190454
10195.0,100.0,300000.0,101.95,3.3333333333333335,98.08729769494852
10196.0,100.0,300000.0,101.96,3.3333333333333335,98.07767752059631
10196.0,100.0,300000.0,101.96,3.3333333333333335,98.07767752059631
6800.0,150.0,300000.0,45.333333333333336,3.3333333333333335,147.05882352941177
6790.0,150.0,300000.0,45.266666666666666,3.3333333333333335,147.27540500736376
6800.0,150.0,300000.0,45.333333333333336,3.3333333333333335,147.05882352941177
5102.0,200.0,300000.0,25.51,3.3333333333333335,196.0015680125441
5092.0,200.0,300000.0,25.46,3.3333333333333335,196.38648860958367
5102.0,200.0,300000.0,25.51,3.3333333333333335,196.0015680125441
4073.0,250.0,300000.0,16.292,3.3333333333333335,245.51927326295112
4074.0,250.0,300000.0,16.296,3.3333333333333335,245.45900834560632
4084.0,250.0,300000.0,16.336,3.3333333333333335,244.85798237022527
3404.0,300.0,300000.0,11.346666666666666,3.3333333333333335,293.7720329024677
3394.0,300.0,300000.0,11.313333333333333,3.3333333333333335,294.6375957572186
3394.0,300.0,300000.0,11.313333333333333,3.3333333333333335,294.6375957572186
2909.0,350.0,300000.0,8.311428571428571,3.3333333333333335,343.7607425232039
2920.0,350.0,300000.0,8.342857142857143,3.3333333333333335,342.4657534246576
2909.0,350.0,300000.0,8.311428571428571,3.3333333333333335,343.7607425232039
2545.0,400.0,300000.0,6.3625,3.3333333333333335,392.92730844793715
2545.0,400.0,300000.0,6.3625,3.3333333333333335,392.92730844793715
2555.0,400.0,300000.0,6.3875,3.3333333333333335,391.3894324853229
2260.0,450.0,300000.0,5.022222222222222,3.3333333333333335,442.47787610619474
2260.0,450.0,300000.0,5.022222222222222,3.3333333333333335,442.47787610619474
2261.0,450.0,300000.0,5.024444444444445,3.3333333333333335,442.2821760283061
2038.0,500.0,300000.0,4.076,3.3333333333333335,490.6771344455349
2037.0,500.0,300000.0,4.074,3.3333333333333335,490.91801669121264
2037.0,500.0,300000.0,4.074,3.3333333333333335,490.91801669121264
10533.0,100.0,310000.0,105.33,3.2258064516129035,94.9397132820659
10532.0,100.0,310000.0,105.32,3.2258064516129035,94.948727687049
10532.0,100.0,310000.0,105.32,3.2258064516129035,94.948727687049
7022.0,150.0,310000.0,46.81333333333333,3.2258064516129035,142.40956992309884
7022.0,150.0,310000.0,46.81333333333333,3.2258064516129035,142.40956992309884
7011.0,150.0,310000.0,46.74,3.2258064516129035,142.6330052774212
5271.0,200.0,310000.0,26.355,3.2258064516129035,189.7173211914248
5261.0,200.0,310000.0,26.305,3.2258064516129035,190.07793195210036
5271.0,200.0,310000.0,26.355,3.2258064516129035,189.7173211914248
4209.0,250.0,310000.0,16.836,3.2258064516129035,237.58612497030174
4218.0,250.0,310000.0,16.872,3.2258064516129035,237.0791844476055
4209.0,250.0,310000.0,16.836,3.2258064516129035,237.58612497030174
3517.0,300.0,310000.0,11.723333333333333,3.2258064516129035,284.3332385555872
3507.0,300.0,310000.0,11.69,3.2258064516129035,285.143997718848
3507.0,300.0,310000.0,11.69,3.2258064516129035,285.143997718848
3004.0,350.0,310000.0,8.582857142857144,3.2258064516129035,332.88948069241013
3014.0,350.0,310000.0,8.611428571428572,3.2258064516129035,331.78500331785006
3004.0,350.0,310000.0,8.582857142857144,3.2258064516129035,332.88948069241013
2631.0,400.0,310000.0,6.5775,3.2258064516129035,380.08361839604714
2632.0,400.0,310000.0,6.58,3.2258064516129035,379.9392097264438
2642.0,400.0,310000.0,6.605,3.2258064516129035,378.50113550340654
2336.0,450.0,310000.0,5.191111111111111,3.2258064516129035,428.0821917808219
2335.0,450.0,310000.0,5.188888888888889,3.2258064516129035,428.2655246252677
2336.0,450.0,310000.0,5.191111111111111,3.2258064516129035,428.0821917808219
2105.0,500.0,310000.0,4.21,3.2258064516129035,475.05938242280286
2105.0,500.0,310000.0,4.21,3.2258064516129035,475.05938242280286
2105.0,500.0,310000.0,4.21,3.2258064516129035,475.05938242280286
10874.0,100.0,320000.0,108.74,3.125,91.96247930844216
10874.0,100.0,320000.0,108.74,3.125,91.96247930844216
10882.0,100.0,320000.0,108.82,3.125,91.89487226612755
7251.0,150.0,320000.0,48.34,3.125,137.91201213625706
7252.0,150.0,320000.0,48.346666666666664,3.125,137.89299503585218
7251.0,150.0,320000.0,48.34,3.125,137.91201213625706
5440.0,200.0,320000.0,27.2,3.125,183.82352941176472
5431.0,200.0,320000.0,27.155,3.125,184.12815319462345
5441.0,200.0,320000.0,27.205,3.125,183.7897445322551
4345.0,250.0,320000.0,17.38,3.125,230.14959723820485
4355.0,250.0,320000.0,17.42,3.125,229.62112514351324
4345.0,250.0,320000.0,17.38,3.125,230.14959723820485
3628.0,300.0,320000.0,12.093333333333334,3.125,275.6339581036384
3619.0,300.0,320000.0,12.063333333333333,3.125,276.3194252555955
3628.0,300.0,320000.0,12.093333333333334,3.125,275.6339581036384
3103.0,350.0,320000.0,8.865714285714287,3.125,322.2687721559781
3113.0,350.0,320000.0,8.894285714285715,3.125,321.23353678124
3103.0,350.0,320000.0,8.865714285714287,3.125,322.2687721559781
2716.0,400.0,320000.0,6.79,3.125,368.1885125184095
2716.0,400.0,320000.0,6.79,3.125,368.1885125184095
2726.0,400.0,320000.0,6.815,3.125,366.83785766691125
2414.0,450.0,320000.0,5.364444444444445,3.125,414.2502071251036
2414.0,450.0,320000.0,5.364444444444445,3.125,414.2502071251036
2423.0,450.0,320000.0,5.384444444444444,3.125,412.7115146512588
2173.0,500.0,320000.0,4.346,3.125,460.1932811780948
2173.0,500.0,320000.0,4.346,3.125,460.1932811780948
2172.0,500.0,320000.0,4.344,3.125,460.40515653775327
11220.0,100.0,330000.0,112.2,3.0303030303030307,89.12655971479502
11213.0,100.0,330000.0,112.13,3.0303030303030307,89.18219923303309
11211.0,100.0,330000.0,112.11,3.0303030303030307,89.1981090000892
7478.0,150.0,330000.0,49.85333333333333,3.0303030303030307,133.72559507889812
7479.0,150.0,330000.0,49.86,3.0303030303030307,133.70771493515176
7479.0,150.0,330000.0,49.86,3.0303030303030307,133.70771493515176
5611.0,200.0,330000.0,28.055,3.0303030303030307,178.22135091783997
5612.0,200.0,330000.0,28.06,3.0303030303030307,178.1895937277263
5602.0,200.0,330000.0,28.01,3.0303030303030307,178.50767583006072
4481.0,250.0,330000.0,17.924,3.0303030303030307,223.16447221602323
4491.0,250.0,330000.0,17.964,3.0303030303030307,222.667557336896
4481.0,250.0,330000.0,17.924,3.0303030303030307,223.16447221602323
3744.0,300.0,330000.0,12.48,3.0303030303030307,267.0940170940171
3734.0,300.0,330000.0,12.446666666666667,3.0303030303030307,267.8093197643278
3744.0,300.0,330000.0,12.48,3.0303030303030307,267.0940170940171
3198.0,350.0,330000.0,9.137142857142857,3.0303030303030307,312.6954346466542
3200.0,350.0,330000.0,9.142857142857142,3.0303030303030307,312.5
3198.0,350.0,330000.0,9.137142857142857,3.0303030303030307,312.6954346466542
2800.0,400.0,330000.0,7.0,3.0303030303030307,357.14285714285717
2809.0,400.0,330000.0,7.0225,3.0303030303030307,355.998576005696
2802.0,400.0,330000.0,7.005,3.0303030303030307,356.8879371877231
2488.0,450.0,330000.0,5.528888888888889,3.0303030303030307,401.9292604501608
2488.0,450.0,330000.0,5.528888888888889,3.0303030303030307,401.9292604501608
2496.0,450.0,330000.0,5.546666666666667,3.0303030303030307,400.64102564102564
2240.0,500.0,330000.0,4.48,3.0303030303030307,446.42857142857144
2240.0,500.0,330000.0,4.48,3.0303030303030307,446.42857142857144
2240.0,500.0,330000.0,4.48,3.0303030303030307,446.42857142857144
11548.0,100.0,340000.0,115.48,2.9411764705882355,86.59508139937653
11548.0,100.0,340000.0,115.48,2.9411764705882355,86.59508139937653
11548.0,100.0,340000.0,115.48,2.9411764705882355,86.59508139937653
7690.0,150.0,340000.0,51.266666666666666,2.9411764705882355,130.03901170351105
7700.0,150.0,340000.0,51.333333333333336,2.9411764705882355,129.8701298701299
7701.0,150.0,340000.0,51.34,2.9411764705882355,129.85326580963513
5773.0,200.0,340000.0,28.865,2.9411764705882355,173.22016282695307
5781.0,200.0,340000.0,28.905,2.9411764705882355,172.98045320878742
5771.0,200.0,340000.0,28.855,2.9411764705882355,173.28019407381737
4617.0,250.0,340000.0,18.468,2.9411764705882355,216.5908598657137
4627.0,250.0,340000.0,18.508,2.9411764705882355,216.12275772638858
4617.0,250.0,340000.0,18.468,2.9411764705882355,216.5908598657137
3848.0,300.0,340000.0,12.826666666666666,2.9411764705882355,259.87525987525987
3847.0,300.0,340000.0,12.823333333333334,2.9411764705882355,259.94281258123215
3857.0,300.0,340000.0,12.856666666666667,2.9411764705882355,259.26886180969666
3306.0,350.0,340000.0,9.445714285714285,2.9411764705882355,302.48033877797945
3298.0,350.0,340000.0,9.422857142857143,2.9411764705882355,303.21406913280777
3297.0,350.0,340000.0,9.42,2.9411764705882355,303.3060357901122
2886.0,400.0,340000.0,7.215,2.9411764705882355,346.50034650034655
2896.0,400.0,340000.0,7.24,2.9411764705882355,345.30386740331494
2885.0,400.0,340000.0,7.2125,2.9411764705882355,346.6204506065858
2564.0,450.0,340000.0,5.697777777777778,2.9411764705882355,390.01560062402496
2563.0,450.0,340000.0,5.695555555555556,2.9411764705882355,390.16777214202114
2574.0,450.0,340000.0,5.72,2.9411764705882355,388.5003885003885
2310.0,500.0,340000.0,4.62,2.9411764705882355,432.9004329004329
2310.0,500.0,340000.0,4.62,2.9411764705882355,432.9004329004329
2310.0,500.0,340000.0,4.62,2.9411764705882355,432.9004329004329
11892.0,100.0,350000.0,118.92,2.857142857142857,84.09014463504877
11891.0,100.0,350000.0,118.91,2.857142857142857,84.09721638213776
11891.0,100.0,350000.0,118.91,2.857142857142857,84.09721638213776
7920.0,150.0,350000.0,52.8,2.857142857142857,126.26262626262627
7930.0,150.0,350000.0,52.86666666666667,2.857142857142857,126.10340479192939
7930.0,150.0,350000.0,52.86666666666667,2.857142857142857,126.10340479192939
5941.0,200.0,350000.0,29.705,2.857142857142857,168.32183134152498
5951.0,200.0,350000.0,29.755,2.857142857142857,168.03898504453034
5941.0,200.0,350000.0,29.705,2.857142857142857,168.32183134152498
4753.0,250.0,350000.0,19.012,2.857142857142857,210.3934357248054
4763.0,250.0,350000.0,19.052,2.857142857142857,209.95171110644552
4752.0,250.0,350000.0,19.008,2.857142857142857,210.43771043771042
3959.0,300.0,350000.0,13.196666666666667,2.857142857142857,252.58903763576663
3959.0,300.0,350000.0,13.196666666666667,2.857142857142857,252.58903763576663
3968.0,300.0,350000.0,13.226666666666667,2.857142857142857,252.01612903225805
3404.0,350.0,350000.0,9.725714285714286,2.857142857142857,293.7720329024677
3395.0,350.0,350000.0,9.7,2.857142857142857,294.5508100147275
3395.0,350.0,350000.0,9.7,2.857142857142857,294.5508100147275
2971.0,400.0,350000.0,7.4275,2.857142857142857,336.5870077415012
2981.0,400.0,350000.0,7.4525,2.857142857142857,335.4579000335458
2972.0,400.0,350000.0,7.43,2.857142857142857,336.47375504710635
2639.0,450.0,350000.0,5.864444444444445,2.857142857142857,378.9314134141721
2639.0,450.0,350000.0,5.864444444444445,2.857142857142857,378.9314134141721
2649.0,450.0,350000.0,5.886666666666667,2.857142857142857,377.5009437523594
2377.0,500.0,350000.0,4.754,2.857142857142857,420.6983592763989
2376.0,500.0,350000.0,4.752,2.857142857142857,420.87542087542084
2377.0,500.0,350000.0,4.754,2.857142857142857,420.6983592763989
12233.0,100.0,360000.0,122.33,2.7777777777777777,81.74609662388622
12233.0,100.0,360000.0,122.33,2.7777777777777777,81.74609662388622
12242.0,100.0,360000.0,122.42,2.7777777777777777,81.68599901976802
8157.0,150.0,360000.0,54.38,2.7777777777777777,122.5940909648155
8148.0,150.0,360000.0,54.32,2.7777777777777777,122.72950417280316
8158.0,150.0,360000.0,54.38666666666666,2.7777777777777777,122.57906349595488
6112.0,200.0,360000.0,30.56,2.7777777777777777,163.6125654450262
6122.0,200.0,360000.0,30.61,2.7777777777777777,163.3453119895459
6122.0,200.0,360000.0,30.61,2.7777777777777777,163.3453119895459
4899.0,250.0,360000.0,19.596,2.7777777777777777,204.12329046744236
4889.0,250.0,360000.0,19.556,2.7777777777777777,204.5408058907752
4897.0,250.0,360000.0,19.588,2.7777777777777777,204.2066571370227
4076.0,300.0,360000.0,13.586666666666666,2.7777777777777777,245.33856722276744
4076.0,300.0,360000.0,13.586666666666666,2.7777777777777777,245.33856722276744
4086.0,300.0,360000.0,13.62,2.7777777777777777,244.73813020068525
3501.0,350.0,360000.0,10.002857142857144,2.7777777777777777,285.6326763781777
3491.0,350.0,360000.0,9.974285714285715,2.7777777777777777,286.45087367516476
3490.0,350.0,360000.0,9.971428571428572,2.7777777777777777,286.5329512893983
3056.0,400.0,360000.0,7.64,2.7777777777777777,327.2251308900524
3066.0,400.0,360000.0,7.665,2.7777777777777777,326.1578604044358
3056.0,400.0,360000.0,7.64,2.7777777777777777,327.2251308900524
2717.0,450.0,360000.0,6.0377777777777775,2.7777777777777777,368.05299963194705
2716.0,450.0,360000.0,6.035555555555556,2.7777777777777777,368.1885125184095
2727.0,450.0,360000.0,6.06,2.7777777777777777,366.70333700036673
2445.0,500.0,360000.0,4.89,2.7777777777777777,408.997955010225
2445.0,500.0,360000.0,4.89,2.7777777777777777,408.997955010225
2454.0,500.0,360000.0,4.908,2.7777777777777777,407.49796251018745
12569.0,100.0,370000.0,125.69,2.7027027027027026,79.56082425013923
12580.0,100.0,370000.0,125.8,2.7027027027027026,79.4912559618442
12571.0,100.0,370000.0,125.71,2.7027027027027026,79.54816641476415
8380.0,150.0,370000.0,55.86666666666667,2.7027027027027026,119.33174224343675
8379.0,150.0,370000.0,55.86,2.7027027027027026,119.34598400763815
8370.0,150.0,370000.0,55.8,2.7027027027027026,119.47431302270013
6283.0,200.0,370000.0,31.415,2.7027027027027026,159.1596371160274
6293.0,200.0,370000.0,31.465,2.7027027027027026,158.90672175433022
6292.0,200.0,370000.0,31.46,2.7027027027027026,158.9319771137953
5036.0,250.0,370000.0,20.144,2.7027027027027026,198.57029388403495
5026.0,250.0,370000.0,20.104,2.7027027027027026,198.96538002387584
5036.0,250.0,370000.0,20.144,2.7027027027027026,198.57029388403495
4187.0,300.0,370000.0,13.956666666666667,2.7027027027027026,238.83448770002389
4195.0,300.0,370000.0,13.983333333333333,2.7027027027027026,238.37902264600714
4188.0,300.0,370000.0,13.96,2.7027027027027026,238.7774594078319
3599.0,350.0,370000.0,10.282857142857143,2.7027027027027026,277.85495971103086
3589.0,350.0,370000.0,10.254285714285714,2.7027027027027026,278.6291446085261
3590.0,350.0,370000.0,10.257142857142858,2.7027027027027026,278.5515320334262
3141.0,400.0,370000.0,7.8525,2.7027027027027026,318.3699458771092
3150.0,400.0,370000.0,7.875,2.7027027027027026,317.46031746031747
3141.0,400.0,370000.0,7.8525,2.7027027027027026,318.3699458771092
2791.0,450.0,370000.0,6.202222222222222,2.7027027027027026,358.29451809387314
2800.0,450.0,370000.0,6.222222222222222,2.7027027027027026,357.14285714285717
2793.0,450.0,370000.0,6.206666666666667,2.7027027027027026,358.03795202291445
2513.0,500.0,370000.0,5.026,2.7027027027027026,397.9307600477517
2513.0,500.0,370000.0,5.026,2.7027027027027026,397.9307600477517
2522.0,500.0,370000.0,5.044,2.7027027027027026,396.5107057890563
12921.0,100.0,380000.0,129.21,2.6315789473684212,77.39339060444237
12910.0,100.0,380000.0,129.1,2.6315789473684212,77.45933384972889
12910.0,100.0,380000.0,129.1,2.6315789473684212,77.45933384972889
8607.0,150.0,380000.0,57.38,2.6315789473684212,116.18450098756826
8607.0,150.0,380000.0,57.38,2.6315789473684212,116.18450098756826
8608.0,150.0,380000.0,57.38666666666666,2.6315789473684212,116.17100371747213
6459.0,200.0,380000.0,32.295,2.6315789473684212,154.82272797646695
6451.0,200.0,380000.0,32.255,2.6315789473684212,155.0147263990079
6461.0,200.0,380000.0,32.305,2.6315789473684212,154.7748026621266
5171.0,250.0,380000.0,20.684,2.6315789473684212,193.3861922258751
5161.0,250.0,380000.0,20.644,2.6315789473684212,193.7608990505716
5171.0,250.0,380000.0,20.684,2.6315789473684212,193.3861922258751
4299.0,300.0,380000.0,14.33,2.6315789473684212,232.61223540358225
4309.0,300.0,380000.0,14.363333333333333,2.6315789473684212,232.0724065908564
4299.0,300.0,380000.0,14.33,2.6315789473684212,232.61223540358225
3694.0,350.0,380000.0,10.554285714285715,2.6315789473684212,270.7092582566324
3684.0,350.0,380000.0,10.525714285714285,2.6315789473684212,271.4440825190011
3693.0,350.0,380000.0,10.551428571428572,2.6315789473684212,270.7825616030328
3235.0,400.0,380000.0,8.0875,2.6315789473684212,309.1190108191654
3227.0,400.0,380000.0,8.0675,2.6315789473684212,309.88534242330337
3226.0,400.0,380000.0,8.065,2.6315789473684212,309.98140111593307
2865.0,450.0,380000.0,6.366666666666666,2.6315789473684212,349.04013961605585
2875.0,450.0,380000.0,6.388888888888889,2.6315789473684212,347.82608695652175
2865.0,450.0,380000.0,6.366666666666666,2.6315789473684212,349.04013961605585
2581.0,500.0,380000.0,5.162,2.6315789473684212,387.4467260751647
2580.0,500.0,380000.0,5.16,2.6315789473684212,387.59689922480624
2591.0,500.0,380000.0,5.182,2.6315789473684212,385.95137012736393
13252.0,100.0,390000.0,132.52,2.5641025641025643,75.46030787805614
13252.0,100.0,390000.0,132.52,2.5641025641025643,75.46030787805614
13259.0,100.0,390000.0,132.59,2.5641025641025643,75.4204691153179
8837.0,150.0,390000.0,58.913333333333334,2.5641025641025643,113.16057485572027
8838.0,150.0,390000.0,58.92,2.5641025641025643,113.14777098891152
8838.0,150.0,390000.0,58.92,2.5641025641025643,113.14777098891152
6630.0,200.0,390000.0,33.15,2.5641025641025643,150.82956259426848
6620.0,200.0,390000.0,33.1,2.5641025641025643,151.05740181268882
6630.0,200.0,390000.0,33.15,2.5641025641025643,150.82956259426848
5307.0,250.0,390000.0,21.228,2.5641025641025643,188.4303749764462
5297.0,250.0,390000.0,21.188,2.5641025641025643,188.7861053426468
5307.0,250.0,390000.0,21.228,2.5641025641025643,188.4303749764462
4413.0,300.0,390000.0,14.71,2.5641025641025643,226.6032177656923
4424.0,300.0,390000.0,14.746666666666666,2.5641025641025643,226.03978300180833
4414.0,300.0,390000.0,14.713333333333333,2.5641025641025643,226.55188038060717
3793.0,350.0,390000.0,10.837142857142856,2.5641025641025643,263.6435539151068
3783.0,350.0,390000.0,10.808571428571428,2.5641025641025643,264.34047052603756
3793.0,350.0,390000.0,10.837142857142856,2.5641025641025643,263.6435539151068
3318.0,400.0,390000.0,8.295,2.5641025641025643,301.38637733574444
3311.0,400.0,390000.0,8.2775,2.5641025641025643,302.02355783751136
3310.0,400.0,390000.0,8.275,2.5641025641025643,302.11480362537765
2940.0,450.0,390000.0,6.533333333333333,2.5641025641025643,340.13605442176873
2949.0,450.0,390000.0,6.553333333333334,2.5641025641025643,339.097999321804
2939.0,450.0,390000.0,6.5311111111111115,2.5641025641025643,340.2517863218782
2648.0,500.0,390000.0,5.296,2.5641025641025643,377.6435045317221
2648.0,500.0,390000.0,5.296,2.5641025641025643,377.6435045317221
2658.0,500.0,390000.0,5.316,2.5641025641025643,376.22272385252074
13586.0,100.0,400000.0,135.86,2.5,73.60518180479906
13587.0,100.0,400000.0,135.87,2.5,73.59976448075366
13596.0,100.0,400000.0,135.96,2.5,73.55104442483083
9059.0,150.0,400000.0,60.39333333333333,2.5,110.38745998454576
9059.0,150.0,400000.0,60.39333333333333,2.5,110.38745998454576
9060.0,150.0,400000.0,60.4,2.5,110.37527593818984
6799.0,200.0,400000.0,33.995,2.5,147.08045300779528
6789.0,200.0,400000.0,33.945,2.5,147.29709824716454
6799.0,200.0,400000.0,33.995,2.5,147.08045300779528
5441.0,250.0,400000.0,21.764,2.5,183.7897445322551
5431.0,250.0,400000.0,21.724,2.5,184.12815319462345
5442.0,250.0,400000.0,21.768,2.5,183.75597206909225
4527.0,300.0,400000.0,15.09,2.5,220.8968411751712
4536.0,300.0,400000.0,15.12,2.5,220.4585537918871
4527.0,300.0,400000.0,15.09,2.5,220.8968411751712
3879.0,350.0,400000.0,11.082857142857144,2.5,257.7984016499098
3878.0,350.0,400000.0,11.08,2.5,257.86487880350694
3888.0,350.0,400000.0,11.108571428571429,2.5,257.201646090535
3405.0,400.0,400000.0,8.5125,2.5,293.68575624082234
3395.0,400.0,400000.0,8.4875,2.5,294.5508100147275
3394.0,400.0,400000.0,8.485,2.5,294.6375957572186
3015.0,450.0,400000.0,6.7,2.5,331.6749585406302
3025.0,450.0,400000.0,6.722222222222222,2.5,330.57851239669424
3015.0,450.0,400000.0,6.7,2.5,331.6749585406302
2716.0,500.0,400000.0,5.432,2.5,368.1885125184095
2715.0,500.0,400000.0,5.43,2.5,368.3241252302026
2726.0,500.0,400000.0,5.452,2.5,366.83785766691125
13926.0,100.0,410000.0,139.26,2.4390243902439024,71.8081286801666
13936.0,100.0,410000.0,139.36,2.4390243902439024,71.75660160734789
13927.0,100.0,410000.0,139.27,2.4390243902439024,71.80297264306742
9287.0,150.0,410000.0,61.913333333333334,2.4390243902439024,107.6773985140519
9288.0,150.0,410000.0,61.92,2.4390243902439024,107.66580534022395
9288.0,150.0,410000.0,61.92,2.4390243902439024,107.66580534022395
6969.0,200.0,410000.0,34.845,2.4390243902439024,143.4926101305783
6967.0,200.0,410000.0,34.835,2.4390243902439024,143.53380221042056
6958.0,200.0,410000.0,34.79,2.4390243902439024,143.71945961483186
5576.0,250.0,410000.0,22.304,2.4390243902439024,179.34002869440462
5574.0,250.0,410000.0,22.296,2.4390243902439024,179.4043774668102
5567.0,250.0,410000.0,22.268,2.4390243902439024,179.62996227770793
4637.0,300.0,410000.0,15.456666666666667,2.4390243902439024,215.6566745740781
4647.0,300.0,410000.0,15.49,2.4390243902439024,215.19259737465032
4637.0,300.0,410000.0,15.456666666666667,2.4390243902439024,215.6566745740781
3974.0,350.0,410000.0,11.354285714285714,2.4390243902439024,251.63563160543532
3974.0,350.0,410000.0,11.354285714285714,2.4390243902439024,251.63563160543532
3984.0,350.0,410000.0,11.382857142857143,2.4390243902439024,251.00401606425706
3490.0,400.0,410000.0,8.725,2.4390243902439024,286.5329512893983
3479.0,400.0,410000.0,8.6975,2.4390243902439024,287.4389192296637
3479.0,400.0,410000.0,8.6975,2.4390243902439024,287.4389192296637
3092.0,450.0,410000.0,6.871111111111111,2.4390243902439024,323.4152652005175
3102.0,450.0,410000.0,6.8933333333333335,2.4390243902439024,322.37266279819477
3093.0,450.0,410000.0,6.873333333333333,2.4390243902439024,323.31070158422244
2784.0,500.0,410000.0,5.568,2.4390243902439024,359.1954022988506
2792.0,500.0,410000.0,5.584,2.4390243902439024,358.1661891117479
2785.0,500.0,410000.0,5.57,2.4390243902439024,359.06642728904853
14264.0,100.0,420000.0,142.64,2.380952380952381,70.10656197420079
14275.0,100.0,420000.0,142.75,2.380952380952381,70.05253940455341
14265.0,100.0,420000.0,142.65,2.380952380952381,70.10164738871363
9504.0,150.0,420000.0,63.36,2.380952380952381,105.21885521885521
9513.0,150.0,420000.0,63.42,2.380952380952381,105.11931041732367
9513.0,150.0,420000.0,63.42,2.380952380952381,105.11931041732367
7139.0,200.0,420000.0,35.695,2.380952380952381,140.07564084605687
7139.0,200.0,420000.0,35.695,2.380952380952381,140.07564084605687
7129.0,200.0,420000.0,35.645,2.380952380952381,140.27212792818068
5705.0,250.0,420000.0,22.82,2.380952380952381,175.28483786152498
5713.0,250.0,420000.0,22.852,2.380952380952381,175.03938386136883
5702.0,250.0,420000.0,22.808,2.380952380952381,175.37706068046302
4753.0,300.0,420000.0,15.843333333333334,2.380952380952381,210.3934357248054
4763.0,300.0,420000.0,15.876666666666667,2.380952380952381,209.95171110644552
4753.0,300.0,420000.0,15.843333333333334,2.380952380952381,210.3934357248054
4074.0,350.0,420000.0,11.64,2.380952380952381,245.45900834560632
4075.0,350.0,420000.0,11.642857142857142,2.380952380952381,245.398773006135
4084.0,350.0,420000.0,11.668571428571429,2.380952380952381,244.85798237022527
3575.0,400.0,420000.0,8.9375,2.380952380952381,279.72027972027973
3565.0,400.0,420000.0,8.9125,2.380952380952381,280.50490883590464
3565.0,400.0,420000.0,8.9125,2.380952380952381,280.50490883590464
3167.0,450.0,420000.0,7.0377777777777775,2.380952380952381,315.7562361856647
3177.0,450.0,420000.0,7.06,2.380952380952381,314.76235442241114
3167.0,450.0,420000.0,7.0377777777777775,2.380952380952381,315.7562361856647
2852.0,500.0,420000.0,5.704,2.380952380952381,350.6311360448808
2861.0,500.0,420000.0,5.722,2.380952380952381,349.52813701502976
2852.0,500.0,420000.0,5.704,2.380952380952381,350.6311360448808
14614.0,100.0,430000.0,146.14,2.3255813953488373,68.42753524018066
14604.0,100.0,430000.0,146.04,2.3255813953488373,68.47439057792386
14613.0,100.0,430000.0,146.13,2.3255813953488373,68.43221788818175
9737.0,150.0,430000.0,64.91333333333333,2.3255813953488373,102.70103728047654
9737.0,150.0,430000.0,64.91333333333333,2.3255813953488373,102.70103728047654
9737.0,150.0,430000.0,64.91333333333333,2.3255813953488373,102.70103728047654
7308.0,200.0,430000.0,36.54,2.3255813953488373,136.83634373289547
7308.0,200.0,430000.0,36.54,2.3255813953488373,136.83634373289547
7307.0,200.0,430000.0,36.535,2.3255813953488373,136.85507048036132
5839.0,250.0,430000.0,23.356,2.3255813953488373,171.2622024319233
5849.0,250.0,430000.0,23.396,2.3255813953488373,170.96939647803043
5839.0,250.0,430000.0,23.356,2.3255813953488373,171.2622024319233
4873.0,300.0,430000.0,16.243333333333332,2.3255813953488373,205.21239482864766
4866.0,300.0,430000.0,16.22,2.3255813953488373,205.50760378133992
4873.0,300.0,430000.0,16.243333333333332,2.3255813953488373,205.21239482864766
4169.0,350.0,430000.0,11.911428571428571,2.3255813953488373,239.86567522187576
4178.0,350.0,430000.0,11.937142857142858,2.3255813953488373,239.3489707994256
4170.0,350.0,430000.0,11.914285714285715,2.3255813953488373,239.8081534772182
3660.0,400.0,430000.0,9.15,2.3255813953488373,273.224043715847
3650.0,400.0,430000.0,9.125,2.3255813953488373,273.972602739726
3659.0,400.0,430000.0,9.1475,2.3255813953488373,273.2987154960372
3252.0,450.0,430000.0,7.226666666666667,2.3255813953488373,307.5030750307503
3245.0,450.0,430000.0,7.211111111111111,2.3255813953488373,308.1664098613251
3243.0,450.0,430000.0,7.206666666666667,2.3255813953488373,308.35646006783844
2920.0,500.0,430000.0,5.84,2.3255813953488373,342.4657534246576
2930.0,500.0,430000.0,5.86,2.3255813953488373,341.29692832764505
2921.0,500.0,430000.0,5.842,2.3255813953488373,342.3485107839781
14953.0,100.0,440000.0,149.53,2.272727272727273,66.87621213134489
14945.0,100.0,440000.0,149.45,2.272727272727273,66.91201070592172
14954.0,100.0,440000.0,149.54,2.272727272727273,66.87174000267487
9966.0,150.0,440000.0,66.44,2.272727272727273,100.34115994380896
9966.0,150.0,440000.0,66.44,2.272727272727273,100.34115994380896
9966.0,150.0,440000.0,66.44,2.272727272727273,100.34115994380896
7478.0,200.0,440000.0,37.39,2.272727272727273,133.72559507889812
7478.0,200.0,440000.0,37.39,2.272727272727273,133.72559507889812
7479.0,200.0,440000.0,37.395,2.272727272727273,133.70771493515176
5974.0,250.0,440000.0,23.896,2.272727272727273,167.39203213927016
5985.0,250.0,440000.0,23.94,2.272727272727273,167.0843776106934
5974.0,250.0,440000.0,23.896,2.272727272727273,167.39203213927016
4988.0,300.0,440000.0,16.626666666666665,2.272727272727273,200.48115477145151
4977.0,300.0,440000.0,16.59,2.272727272727273,200.92425155716296
4988.0,300.0,440000.0,16.626666666666665,2.272727272727273,200.48115477145151
4268.0,350.0,440000.0,12.194285714285714,2.272727272727273,234.30178069353326
4277.0,350.0,440000.0,12.22,2.272727272727273,233.80874444704236
4268.0,350.0,440000.0,12.194285714285714,2.272727272727273,234.30178069353326
3744.0,400.0,440000.0,9.36,2.272727272727273,267.0940170940171
3735.0,400.0,440000.0,9.3375,2.272727272727273,267.7376171352075
3745.0,400.0,440000.0,9.3625,2.272727272727273,267.02269692923903
3327.0,450.0,440000.0,7.3933333333333335,2.272727272727273,300.5710850616171
3318.0,450.0,440000.0,7.373333333333333,2.272727272727273,301.38637733574444
3318.0,450.0,440000.0,7.373333333333333,2.272727272727273,301.38637733574444
2988.0,500.0,440000.0,5.976,2.272727272727273,334.6720214190094
2999.0,500.0,440000.0,5.998,2.272727272727273,333.4444814938313
2988.0,500.0,440000.0,5.976,2.272727272727273,334.6720214190094
15285.0,100.0,450000.0,152.85,2.2222222222222223,65.42361792607132
15294.0,100.0,450000.0,152.94,2.2222222222222223,65.38511834706422
15285.0,100.0,450000.0,152.85,2.2222222222222223,65.42361792607132
10197.0,150.0,450000.0,67.98,2.2222222222222223,98.06805923310779
10196.0,150.0,450000.0,67.97333333333333,2.2222222222222223,98.07767752059631
10195.0,150.0,450000.0,67.96666666666667,2.2222222222222223,98.08729769494852
7641.0,200.0,450000.0,38.205,2.2222222222222223,130.87292239235703
7650.0,200.0,450000.0,38.25,2.2222222222222223,130.71895424836603
7649.0,200.0,450000.0,38.245,2.2222222222222223,130.73604392731076
6113.0,250.0,450000.0,24.452,2.2222222222222223,163.5858007524947
6122.0,250.0,450000.0,24.488,2.2222222222222223,163.3453119895459
6119.0,250.0,450000.0,24.476,2.2222222222222223,163.42539630658607
5104.0,300.0,450000.0,17.013333333333332,2.2222222222222223,195.92476489028212
5094.0,300.0,450000.0,16.98,2.2222222222222223,196.30938358853555
5104.0,300.0,450000.0,17.013333333333332,2.2222222222222223,195.92476489028212
4363.0,350.0,450000.0,12.465714285714286,2.2222222222222223,229.20009168003668
4373.0,350.0,450000.0,12.494285714285715,2.2222222222222223,228.675966155957
4362.0,350.0,450000.0,12.462857142857143,2.2222222222222223,229.2526364053187
3829.0,400.0,450000.0,9.5725,2.2222222222222223,261.1647949856359
3820.0,400.0,450000.0,9.55,2.2222222222222223,261.7801047120419
3830.0,400.0,450000.0,9.575,2.2222222222222223,261.0966057441253
3405.0,450.0,450000.0,7.566666666666666,2.2222222222222223,293.68575624082234
3395.0,450.0,450000.0,7.544444444444444,2.2222222222222223,294.5508100147275
3396.0,450.0,450000.0,7.546666666666667,2.2222222222222223,294.46407538280334
3056.0,500.0,450000.0,6.112,2.2222222222222223,327.2251308900524
3065.0,500.0,450000.0,6.13,2.2222222222222223,326.2642740619902
3056.0,500.0,450000.0,6.112,2.2222222222222223,327.2251308900524
15625.0,100.0,460000.0,156.25,2.173913043478261,64.0
15635.0,100.0,460000.0,156.35,2.173913043478261,63.95906619763352
15626.0,100.0,460000.0,156.26,2.173913043478261,63.99590426212722
10417.0,150.0,460000.0,69.44666666666667,2.173913043478261,95.99692809830086
10417.0,150.0,460000.0,69.44666666666667,2.173913043478261,95.99692809830086
10417.0,150.0,460000.0,69.44666666666667,2.173913043478261,95.99692809830086
7807.0,200.0,460000.0,39.035,2.173913043478261,128.0901754835404
7816.0,200.0,460000.0,39.08,2.173913043478261,127.94268167860798
7817.0,200.0,460000.0,39.085,2.173913043478261,127.92631444288091
6246.0,250.0,460000.0,24.984,2.173913043478261,160.1024655779699
6255.0,250.0,460000.0,25.02,2.173913043478261,159.8721023181455
6255.0,250.0,460000.0,25.02,2.173913043478261,159.8721023181455
5213.0,300.0,460000.0,17.376666666666665,2.173913043478261,191.8281220026856
5203.0,300.0,460000.0,17.343333333333334,2.173913043478261,192.19680953296174
5213.0,300.0,460000.0,17.376666666666665,2.173913043478261,191.8281220026856
4460.0,350.0,460000.0,12.742857142857142,2.173913043478261,224.21524663677133
4470.0,350.0,460000.0,12.771428571428572,2.173913043478261,223.71364653243847
4460.0,350.0,460000.0,12.742857142857142,2.173913043478261,224.21524663677133
3904.0,400.0,460000.0,9.76,2.173913043478261,256.1475409836066
3903.0,400.0,460000.0,9.7575,2.173913043478261,256.213169356905
3913.0,400.0,460000.0,9.7825,2.173913043478261,255.55839509327882
3479.0,450.0,460000.0,7.731111111111111,2.173913043478261,287.4389192296637
3469.0,450.0,460000.0,7.708888888888889,2.173913043478261,288.2675122513693
3469.0,450.0,460000.0,7.708888888888889,2.173913043478261,288.2675122513693
3123.0,500.0,460000.0,6.246,2.173913043478261,320.2049311559398
3133.0,500.0,460000.0,6.266,2.173913043478261,319.1828917969997
3123.0,500.0,460000.0,6.246,2.173913043478261,320.2049311559398
15969.0,100.0,470000.0,159.69,2.127659574468085,62.621328824597654
15962.0,100.0,470000.0,159.62,2.127659574468085,62.648790878336044
15971.0,100.0,470000.0,159.71,2.127659574468085,62.61348694508798
10642.0,150.0,470000.0,70.94666666666667,2.127659574468085,93.96729937981584
10642.0,150.0,470000.0,70.94666666666667,2.127659574468085,93.96729937981584
10642.0,150.0,470000.0,70.94666666666667,2.127659574468085,93.96729937981584
7984.0,200.0,470000.0,39.92,2.127659574468085,125.25050100200401
7976.0,200.0,470000.0,39.88,2.127659574468085,125.37612838515545
7986.0,200.0,470000.0,39.93,2.127659574468085,125.2191334835963
6391.0,250.0,470000.0,25.564,2.127659574468085,156.47003598810826
6384.0,250.0,470000.0,25.536,2.127659574468085,156.64160401002508
6392.0,250.0,470000.0,25.568,2.127659574468085,156.44555694618273
5326.0,300.0,470000.0,17.753333333333334,2.127659574468085,187.75816748028538
5316.0,300.0,470000.0,17.72,2.127659574468085,188.11136192626037
5326.0,300.0,470000.0,17.753333333333334,2.127659574468085,187.75816748028538
4557.0,350.0,470000.0,13.02,2.127659574468085,219.44261575597983
4566.0,350.0,470000.0,13.045714285714286,2.127659574468085,219.01007446342533
4556.0,350.0,470000.0,13.017142857142858,2.127659574468085,219.49078138718173
3989.0,400.0,470000.0,9.9725,2.127659574468085,250.68939583855607
3989.0,400.0,470000.0,9.9725,2.127659574468085,250.68939583855607
3998.0,400.0,470000.0,9.995,2.127659574468085,250.12506253126566
3555.0,450.0,470000.0,7.9,2.127659574468085,281.29395218002816
3545.0,450.0,470000.0,7.877777777777778,2.127659574468085,282.08744710860367
3545.0,450.0,470000.0,7.877777777777778,2.127659574468085,282.08744710860367
3192.0,500.0,470000.0,6.384,2.127659574468085,313.28320802005015
3201.0,500.0,470000.0,6.402,2.127659574468085,312.4023742580444
3192.0,500.0,470000.0,6.384,2.127659574468085,313.28320802005015
16317.0,100.0,480000.0,163.17,2.0833333333333335,61.285775571489864
16308.0,100.0,480000.0,163.08,2.0833333333333335,61.319597743438806
16317.0,100.0,480000.0,163.17,2.0833333333333335,61.285775571489864
10874.0,150.0,480000.0,72.49333333333334,2.0833333333333335,91.96247930844216
10874.0,150.0,480000.0,72.49333333333334,2.0833333333333335,91.96247930844216
10882.0,150.0,480000.0,72.54666666666667,2.0833333333333335,91.89487226612755
8156.0,200.0,480000.0,40.78,2.0833333333333335,122.60912211868563
8147.0,200.0,480000.0,40.735,2.0833333333333335,122.74456855284154
8157.0,200.0,480000.0,40.785,2.0833333333333335,122.5940909648155
6530.0,250.0,480000.0,26.12,2.0833333333333335,153.1393568147014
6519.0,250.0,480000.0,26.076,2.0833333333333335,153.39776039269827
6530.0,250.0,480000.0,26.12,2.0833333333333335,153.1393568147014
5443.0,300.0,480000.0,18.143333333333334,2.0833333333333335,183.72221201543266
5433.0,300.0,480000.0,18.11,2.0833333333333335,184.06037180195105
5442.0,300.0,480000.0,18.14,2.0833333333333335,183.75597206909225
4655.0,350.0,480000.0,13.3,2.0833333333333335,214.8227712137487
4665.0,350.0,480000.0,13.32857142857143,2.0833333333333335,214.36227224008576
4655.0,350.0,480000.0,13.3,2.0833333333333335,214.8227712137487
4074.0,400.0,480000.0,10.185,2.0833333333333335,245.45900834560632
4074.0,400.0,480000.0,10.185,2.0833333333333335,245.45900834560632
4084.0,400.0,480000.0,10.21,2.0833333333333335,244.85798237022527
3629.0,450.0,480000.0,8.064444444444444,2.0833333333333335,275.5580049600441
3619.0,450.0,480000.0,8.042222222222222,2.0833333333333335,276.3194252555955
3619.0,450.0,480000.0,8.042222222222222,2.0833333333333335,276.3194252555955
3268.0,500.0,480000.0,6.536,2.0833333333333335,305.99755201958385
3260.0,500.0,480000.0,6.52,2.0833333333333335,306.7484662576687
3259.0,500.0,480000.0,6.518,2.0833333333333335,306.8425897514575
16653.0,100.0,490000.0,166.53,2.0408163265306123,60.049240377109236
16653.0,100.0,490000.0,166.53,2.0408163265306123,60.049240377109236
16644.0,100.0,490000.0,166.44,2.0408163265306123,60.081711127132905
11098.0,150.0,490000.0,73.98666666666666,2.0408163265306123,90.10632546404757
11107.0,150.0,490000.0,74.04666666666667,2.0408163265306123,90.03331232556047
11098.0,150.0,490000.0,73.98666666666666,2.0408163265306123,90.10632546404757
8328.0,200.0,490000.0,41.64,2.0408163265306123,120.07684918347742
8327.0,200.0,490000.0,41.635,2.0408163265306123,120.09126936471719
8320.0,200.0,490000.0,41.6,2.0408163265306123,120.19230769230771
6664.0,250.0,490000.0,26.656,2.0408163265306123,150.06002400960384
6654.0,250.0,490000.0,26.616,2.0408163265306123,150.28554253080856
6664.0,250.0,490000.0,26.656,2.0408163265306123,150.06002400960384
5553.0,300.0,490000.0,18.51,2.0408163265306123,180.08283810552854
5552.0,300.0,490000.0,18.506666666666668,2.0408163265306123,180.11527377521614
5545.0,300.0,490000.0,18.483333333333334,2.0408163265306123,180.34265103697027
4752.0,350.0,490000.0,13.577142857142857,2.0408163265306123,210.43771043771042
4762.0,350.0,490000.0,13.605714285714285,2.0408163265306123,209.99580008399832
4752.0,350.0,490000.0,13.577142857142857,2.0408163265306123,210.43771043771042
4159.0,400.0,490000.0,10.3975,2.0408163265306123,240.442414041837
4168.0,400.0,490000.0,10.42,2.0408163265306123,239.9232245681382
4161.0,400.0,490000.0,10.4025,2.0408163265306123,240.32684450853162
3704.0,450.0,490000.0,8.231111111111112,2.0408163265306123,269.9784017278618
3694.0,450.0,490000.0,8.20888888888889,2.0408163265306123,270.7092582566324
3702.0,450.0,490000.0,8.226666666666667,2.0408163265306123,270.12425715829283
3336.0,500.0,490000.0,6.672,2.0408163265306123,299.7601918465228
3328.0,500.0,490000.0,6.656,2.0408163265306123,300.4807692307692
3328.0,500.0,490000.0,6.656,2.0408163265306123,300.4807692307692
16995.0,100.0,500000.0,169.95,2.0,58.84083553986467
16995.0,100.0,500000.0,169.95,2.0,58.84083553986467
16995.0,100.0,500000.0,169.95,2.0,58.84083553986467
11336.0,150.0,500000.0,75.57333333333334,2.0,88.21453775582216
11326.0,150.0,500000.0,75.50666666666666,2.0,88.29242450997705
11325.0,150.0,500000.0,75.5,2.0,88.30022075055187
8496.0,200.0,500000.0,42.48,2.0,117.70244821092278
8498.0,200.0,500000.0,42.49,2.0,117.67474699929394
8497.0,200.0,500000.0,42.485,2.0,117.68859597505002
6800.0,250.0,500000.0,27.2,2.0,147.05882352941177
6790.0,250.0,500000.0,27.16,2.0,147.27540500736376
6800.0,250.0,500000.0,27.2,2.0,147.05882352941177
5665.0,300.0,500000.0,18.883333333333333,2.0,176.522506619594
5666.0,300.0,500000.0,18.886666666666667,2.0,176.49135192375573
5655.0,300.0,500000.0,18.85,2.0,176.8346595932803
4856.0,350.0,500000.0,13.874285714285714,2.0,205.9308072487644
4848.0,350.0,500000.0,13.851428571428572,2.0,206.27062706270627
4856.0,350.0,500000.0,13.874285714285714,2.0,205.9308072487644
4243.0,400.0,500000.0,10.6075,2.0,235.68230025925055
4253.0,400.0,500000.0,10.6325,2.0,235.12814483893723
4244.0,400.0,500000.0,10.61,2.0,235.62676720075405
3782.0,450.0,500000.0,8.404444444444444,2.0,264.41036488630357
3771.0,450.0,500000.0,8.38,2.0,265.1816494298595
3781.0,450.0,500000.0,8.402222222222223,2.0,264.48029621793177
3405.0,500.0,500000.0,6.81,2.0,293.68575624082234
3395.0,500.0,500000.0,6.79,2.0,294.5508100147275
3395.0,500.0,500000.0,6.79,2.0,294.5508100147275
